<?xml version="1.0" encoding="utf-8"?><feed xmlns="http://www.w3.org/2005/Atom" ><generator uri="https://jekyllrb.com/" version="4.1.1">Jekyll</generator><link href="https://eddumundia.github.io/eddumundia//feed.xml" rel="self" type="application/atom+xml" /><link href="https://eddumundia.github.io/eddumundia//" rel="alternate" type="text/html" /><updated>2020-08-13T10:00:23+03:00</updated><id>https://eddumundia.github.io/eddumundia//feed.xml</id><title type="html">Edward Mundia</title><subtitle>Scripting on everything anything</subtitle><author><name>eddumundia</name></author><entry><title type="html">Man must explore, and this is exploration at its greatest</title><link href="https://eddumundia.github.io/eddumundia//2020/01/31/man-must-explore.html" rel="alternate" type="text/html" title="Man must explore, and this is exploration at its greatest" /><published>2020-01-31T17:45:13+03:00</published><updated>2020-01-31T17:45:13+03:00</updated><id>https://eddumundia.github.io/eddumundia//2020/01/31/man-must-explore</id><content type="html" xml:base="https://eddumundia.github.io/eddumundia//2020/01/31/man-must-explore.html">&lt;p&gt;Never in all their history have men been able truly to conceive of the world as one: a single sphere, a globe, having the qualities of a globe, a round earth in which all the directions eventually meet, in which there is no center because every point, or none, is center — an equal earth which all men occupy as equals. The airman's earth, if free men make it, will be truly round: a globe in practice, not in theory.&lt;/p&gt;

&lt;p&gt;Science cuts two ways, of course; its products can be used for both good and evil. But there's no turning back from science. The early warnings about technological dangers also come from science.&lt;/p&gt;

&lt;p&gt;What was most significant about the lunar voyage was not that man set foot on the Moon but that they set eye on the earth.&lt;/p&gt;

&lt;p&gt;A Chinese tale tells of some men sent to harm a young girl who, upon seeing her beauty, become her protectors rather than her violators. That's how I felt seeing the Earth for the first time. I could not help but love and cherish her.&lt;/p&gt;

&lt;p&gt;For those who have seen the Earth from space, and for the hundreds and perhaps thousands more who will, the experience most certainly changes your perspective. The things that we share in our world are far more valuable than those which divide us.&lt;/p&gt;

&lt;h2 class=&quot;section-heading&quot;&gt;The Final Frontier&lt;/h2&gt;

&lt;p&gt;There can be no thought of finishing for ‘aiming for the stars.’ Both figuratively and literally, it is a task to occupy the generations. And no matter how much progress one makes, there is always the thrill of just beginning.&lt;/p&gt;

&lt;p&gt;There can be no thought of finishing for ‘aiming for the stars.’ Both figuratively and literally, it is a task to occupy the generations. And no matter how much progress one makes, there is always the thrill of just beginning.&lt;/p&gt;

&lt;blockquote class=&quot;blockquote&quot;&gt;The dreams of yesterday are the hopes of today and the reality of tomorrow. Science has not yet mastered prophecy. We predict too much for the next year and yet far too little for the next ten.&lt;/blockquote&gt;

&lt;p&gt;Spaceflights cannot be stopped. This is not the work of any one man or even a group of men. It is a historical process which mankind is carrying out in accordance with the natural laws of human development.&lt;/p&gt;

&lt;h2 class=&quot;section-heading&quot;&gt;Reaching for the Stars&lt;/h2&gt;

&lt;p&gt;As we got further and further away, it [the Earth] diminished in size. Finally it shrank to the size of a marble, the most beautiful you can imagine. That beautiful, warm, living object looked so fragile, so delicate, that if you touched it with a finger it would crumble and fall apart. Seeing this has to change a man.&lt;/p&gt;

&lt;img class=&quot;img-fluid&quot; src=&quot;https://source.unsplash.com/Mn9Fa_wQH-M/800x450&quot; alt=&quot;Demo Image&quot;&gt;
&lt;span class=&quot;caption text-muted&quot;&gt;To go places and do things that have never been done before – that’s what living is all about.&lt;/span&gt;

&lt;p&gt;Space, the final frontier. These are the voyages of the Starship Enterprise. Its five-year mission: to explore strange new worlds, to seek out new life and new civilizations, to boldly go where no man has gone before.&lt;/p&gt;

&lt;p&gt;As I stand out here in the wonders of the unknown at Hadley, I sort of realize there’s a fundamental truth to our nature, Man must explore, and this is exploration at its greatest.&lt;/p&gt;

&lt;p&gt;Placeholder text by &lt;a href=&quot;http://spaceipsum.com/&quot;&gt;Space Ipsum&lt;/a&gt;. Photographs by &lt;a href=&quot;https://unsplash.com/&quot;&gt;Unsplash&lt;/a&gt;.&lt;/p&gt;</content><author><name>eddumundia</name></author><summary type="html">Never in all their history have men been able truly to conceive of the world as one: a single sphere, a globe, having the qualities of a globe, a round earth in which all the directions eventually meet, in which there is no center because every point, or none, is center — an equal earth which all men occupy as equals. The airman's earth, if free men make it, will be truly round: a globe in practice, not in theory.</summary></entry><entry><title type="html">I believe every human has a finite number of heartbeats. I don’t intend to waste any of mine.</title><link href="https://eddumundia.github.io/eddumundia//2020/01/31/heartbeats.html" rel="alternate" type="text/html" title="I believe every human has a finite number of heartbeats. I don’t intend to waste any of mine." /><published>2020-01-31T06:45:13+03:00</published><updated>2020-01-31T06:45:13+03:00</updated><id>https://eddumundia.github.io/eddumundia//2020/01/31/heartbeats</id><content type="html" xml:base="https://eddumundia.github.io/eddumundia//2020/01/31/heartbeats.html">&lt;p&gt;Never in all their history have men been able truly to conceive of the world as one: a single sphere, a globe, having the qualities of a globe, a round earth in which all the directions eventually meet, in which there is no center because every point, or none, is center — an equal earth which all men occupy as equals. The airman's earth, if free men make it, will be truly round: a globe in practice, not in theory.&lt;/p&gt;

&lt;p&gt;Science cuts two ways, of course; its products can be used for both good and evil. But there's no turning back from science. The early warnings about technological dangers also come from science.&lt;/p&gt;

&lt;p&gt;What was most significant about the lunar voyage was not that man set foot on the Moon but that they set eye on the earth.&lt;/p&gt;

&lt;p&gt;A Chinese tale tells of some men sent to harm a young girl who, upon seeing her beauty, become her protectors rather than her violators. That's how I felt seeing the Earth for the first time. I could not help but love and cherish her.&lt;/p&gt;

&lt;p&gt;For those who have seen the Earth from space, and for the hundreds and perhaps thousands more who will, the experience most certainly changes your perspective. The things that we share in our world are far more valuable than those which divide us.&lt;/p&gt;

&lt;h2 class=&quot;section-heading&quot;&gt;The Final Frontier&lt;/h2&gt;

&lt;p&gt;There can be no thought of finishing for ‘aiming for the stars.’ Both figuratively and literally, it is a task to occupy the generations. And no matter how much progress one makes, there is always the thrill of just beginning.&lt;/p&gt;

&lt;p&gt;There can be no thought of finishing for ‘aiming for the stars.’ Both figuratively and literally, it is a task to occupy the generations. And no matter how much progress one makes, there is always the thrill of just beginning.&lt;/p&gt;

&lt;blockquote class=&quot;blockquote&quot;&gt;The dreams of yesterday are the hopes of today and the reality of tomorrow. Science has not yet mastered prophecy. We predict too much for the next year and yet far too little for the next ten.&lt;/blockquote&gt;

&lt;p&gt;Spaceflights cannot be stopped. This is not the work of any one man or even a group of men. It is a historical process which mankind is carrying out in accordance with the natural laws of human development.&lt;/p&gt;

&lt;h2 class=&quot;section-heading&quot;&gt;Reaching for the Stars&lt;/h2&gt;

&lt;p&gt;As we got further and further away, it [the Earth] diminished in size. Finally it shrank to the size of a marble, the most beautiful you can imagine. That beautiful, warm, living object looked so fragile, so delicate, that if you touched it with a finger it would crumble and fall apart. Seeing this has to change a man.&lt;/p&gt;

&lt;img class=&quot;img-fluid&quot; src=&quot;https://source.unsplash.com/Mn9Fa_wQH-M/800x450&quot; alt=&quot;Demo Image&quot;&gt;
&lt;span class=&quot;caption text-muted&quot;&gt;To go places and do things that have never been done before – that’s what living is all about.&lt;/span&gt;

&lt;p&gt;Space, the final frontier. These are the voyages of the Starship Enterprise. Its five-year mission: to explore strange new worlds, to seek out new life and new civilizations, to boldly go where no man has gone before.&lt;/p&gt;

&lt;p&gt;As I stand out here in the wonders of the unknown at Hadley, I sort of realize there’s a fundamental truth to our nature, Man must explore, and this is exploration at its greatest.&lt;/p&gt;

&lt;p&gt;Placeholder text by &lt;a href=&quot;http://spaceipsum.com/&quot;&gt;Space Ipsum&lt;/a&gt;. Photographs by &lt;a href=&quot;https://unsplash.com/&quot;&gt;Unsplash&lt;/a&gt;.&lt;/p&gt;</content><author><name>eddumundia</name></author><summary type="html">Never in all their history have men been able truly to conceive of the world as one: a single sphere, a globe, having the qualities of a globe, a round earth in which all the directions eventually meet, in which there is no center because every point, or none, is center — an equal earth which all men occupy as equals. The airman's earth, if free men make it, will be truly round: a globe in practice, not in theory.</summary></entry><entry><title type="html">Science has not yet mastered prophecy</title><link href="https://eddumundia.github.io/eddumundia//2020/01/30/prophecy.html" rel="alternate" type="text/html" title="Science has not yet mastered prophecy" /><published>2020-01-30T06:45:13+03:00</published><updated>2020-01-30T06:45:13+03:00</updated><id>https://eddumundia.github.io/eddumundia//2020/01/30/prophecy</id><content type="html" xml:base="https://eddumundia.github.io/eddumundia//2020/01/30/prophecy.html">&lt;p&gt;Never in all their history have men been able truly to conceive of the world as one: a single sphere, a globe, having the qualities of a globe, a round earth in which all the directions eventually meet, in which there is no center because every point, or none, is center — an equal earth which all men occupy as equals. The airman's earth, if free men make it, will be truly round: a globe in practice, not in theory.&lt;/p&gt;

&lt;p&gt;Science cuts two ways, of course; its products can be used for both good and evil. But there's no turning back from science. The early warnings about technological dangers also come from science.&lt;/p&gt;

&lt;p&gt;What was most significant about the lunar voyage was not that man set foot on the Moon but that they set eye on the earth.&lt;/p&gt;

&lt;p&gt;A Chinese tale tells of some men sent to harm a young girl who, upon seeing her beauty, become her protectors rather than her violators. That's how I felt seeing the Earth for the first time. I could not help but love and cherish her.&lt;/p&gt;

&lt;p&gt;For those who have seen the Earth from space, and for the hundreds and perhaps thousands more who will, the experience most certainly changes your perspective. The things that we share in our world are far more valuable than those which divide us.&lt;/p&gt;

&lt;h2 class=&quot;section-heading&quot;&gt;The Final Frontier&lt;/h2&gt;

&lt;p&gt;There can be no thought of finishing for ‘aiming for the stars.’ Both figuratively and literally, it is a task to occupy the generations. And no matter how much progress one makes, there is always the thrill of just beginning.&lt;/p&gt;

&lt;p&gt;There can be no thought of finishing for ‘aiming for the stars.’ Both figuratively and literally, it is a task to occupy the generations. And no matter how much progress one makes, there is always the thrill of just beginning.&lt;/p&gt;

&lt;blockquote class=&quot;blockquote&quot;&gt;The dreams of yesterday are the hopes of today and the reality of tomorrow. Science has not yet mastered prophecy. We predict too much for the next year and yet far too little for the next ten.&lt;/blockquote&gt;

&lt;p&gt;Spaceflights cannot be stopped. This is not the work of any one man or even a group of men. It is a historical process which mankind is carrying out in accordance with the natural laws of human development.&lt;/p&gt;

&lt;h2 class=&quot;section-heading&quot;&gt;Reaching for the Stars&lt;/h2&gt;

&lt;p&gt;As we got further and further away, it [the Earth] diminished in size. Finally it shrank to the size of a marble, the most beautiful you can imagine. That beautiful, warm, living object looked so fragile, so delicate, that if you touched it with a finger it would crumble and fall apart. Seeing this has to change a man.&lt;/p&gt;

&lt;img class=&quot;img-fluid&quot; src=&quot;https://source.unsplash.com/Mn9Fa_wQH-M/800x450&quot; alt=&quot;Demo Image&quot;&gt;
&lt;span class=&quot;caption text-muted&quot;&gt;To go places and do things that have never been done before – that’s what living is all about.&lt;/span&gt;

&lt;p&gt;Space, the final frontier. These are the voyages of the Starship Enterprise. Its five-year mission: to explore strange new worlds, to seek out new life and new civilizations, to boldly go where no man has gone before.&lt;/p&gt;

&lt;p&gt;As I stand out here in the wonders of the unknown at Hadley, I sort of realize there’s a fundamental truth to our nature, Man must explore, and this is exploration at its greatest.&lt;/p&gt;

&lt;p&gt;Placeholder text by &lt;a href=&quot;http://spaceipsum.com/&quot;&gt;Space Ipsum&lt;/a&gt;. Photographs by &lt;a href=&quot;https://unsplash.com/&quot;&gt;Unsplash&lt;/a&gt;.&lt;/p&gt;</content><author><name>eddumundia</name></author><summary type="html">Never in all their history have men been able truly to conceive of the world as one: a single sphere, a globe, having the qualities of a globe, a round earth in which all the directions eventually meet, in which there is no center because every point, or none, is center — an equal earth which all men occupy as equals. The airman's earth, if free men make it, will be truly round: a globe in practice, not in theory.</summary></entry><entry><title type="html">Failure is not an option</title><link href="https://eddumundia.github.io/eddumundia//2020/01/29/exploration.html" rel="alternate" type="text/html" title="Failure is not an option" /><published>2020-01-29T06:45:13+03:00</published><updated>2020-01-29T06:45:13+03:00</updated><id>https://eddumundia.github.io/eddumundia//2020/01/29/exploration</id><content type="html" xml:base="https://eddumundia.github.io/eddumundia//2020/01/29/exploration.html">&lt;p&gt;Never in all their history have men been able truly to conceive of the world as one: a single sphere, a globe, having the qualities of a globe, a round earth in which all the directions eventually meet, in which there is no center because every point, or none, is center — an equal earth which all men occupy as equals. The airman's earth, if free men make it, will be truly round: a globe in practice, not in theory.&lt;/p&gt;

&lt;p&gt;Science cuts two ways, of course; its products can be used for both good and evil. But there's no turning back from science. The early warnings about technological dangers also come from science.&lt;/p&gt;

&lt;p&gt;What was most significant about the lunar voyage was not that man set foot on the Moon but that they set eye on the earth.&lt;/p&gt;

&lt;p&gt;A Chinese tale tells of some men sent to harm a young girl who, upon seeing her beauty, become her protectors rather than her violators. That's how I felt seeing the Earth for the first time. I could not help but love and cherish her.&lt;/p&gt;

&lt;p&gt;For those who have seen the Earth from space, and for the hundreds and perhaps thousands more who will, the experience most certainly changes your perspective. The things that we share in our world are far more valuable than those which divide us.&lt;/p&gt;

&lt;h2 class=&quot;section-heading&quot;&gt;The Final Frontier&lt;/h2&gt;

&lt;p&gt;There can be no thought of finishing for ‘aiming for the stars.’ Both figuratively and literally, it is a task to occupy the generations. And no matter how much progress one makes, there is always the thrill of just beginning.&lt;/p&gt;

&lt;p&gt;There can be no thought of finishing for ‘aiming for the stars.’ Both figuratively and literally, it is a task to occupy the generations. And no matter how much progress one makes, there is always the thrill of just beginning.&lt;/p&gt;

&lt;blockquote class=&quot;blockquote&quot;&gt;The dreams of yesterday are the hopes of today and the reality of tomorrow. Science has not yet mastered prophecy. We predict too much for the next year and yet far too little for the next ten.&lt;/blockquote&gt;

&lt;p&gt;Spaceflights cannot be stopped. This is not the work of any one man or even a group of men. It is a historical process which mankind is carrying out in accordance with the natural laws of human development.&lt;/p&gt;

&lt;h2 class=&quot;section-heading&quot;&gt;Reaching for the Stars&lt;/h2&gt;

&lt;p&gt;As we got further and further away, it [the Earth] diminished in size. Finally it shrank to the size of a marble, the most beautiful you can imagine. That beautiful, warm, living object looked so fragile, so delicate, that if you touched it with a finger it would crumble and fall apart. Seeing this has to change a man.&lt;/p&gt;

&lt;img class=&quot;img-fluid&quot; src=&quot;https://source.unsplash.com/Mn9Fa_wQH-M/800x450&quot; alt=&quot;Demo Image&quot;&gt;
&lt;span class=&quot;caption text-muted&quot;&gt;To go places and do things that have never been done before – that’s what living is all about.&lt;/span&gt;

&lt;p&gt;Space, the final frontier. These are the voyages of the Starship Enterprise. Its five-year mission: to explore strange new worlds, to seek out new life and new civilizations, to boldly go where no man has gone before.&lt;/p&gt;

&lt;p&gt;As I stand out here in the wonders of the unknown at Hadley, I sort of realize there’s a fundamental truth to our nature, Man must explore, and this is exploration at its greatest.&lt;/p&gt;

&lt;p&gt;Placeholder text by &lt;a href=&quot;http://spaceipsum.com/&quot;&gt;Space Ipsum&lt;/a&gt;. Photographs by &lt;a href=&quot;https://unsplash.com/&quot;&gt;Unsplash&lt;/a&gt;.&lt;/p&gt;</content><author><name>eddumundia</name></author><summary type="html">Never in all their history have men been able truly to conceive of the world as one: a single sphere, a globe, having the qualities of a globe, a round earth in which all the directions eventually meet, in which there is no center because every point, or none, is center — an equal earth which all men occupy as equals. The airman's earth, if free men make it, will be truly round: a globe in practice, not in theory.</summary></entry><entry><title type="html">The dreams of yesterday are the hopes of today and the reality of tomorrow.</title><link href="https://eddumundia.github.io/eddumundia//2020/01/28/dreams.html" rel="alternate" type="text/html" title="The dreams of yesterday are the hopes of today and the reality of tomorrow." /><published>2020-01-28T06:45:13+03:00</published><updated>2020-01-28T06:45:13+03:00</updated><id>https://eddumundia.github.io/eddumundia//2020/01/28/dreams</id><content type="html" xml:base="https://eddumundia.github.io/eddumundia//2020/01/28/dreams.html">&lt;p&gt;Never in all their history have men been able truly to conceive of the world as one: a single sphere, a globe, having the qualities of a globe, a round earth in which all the directions eventually meet, in which there is no center because every point, or none, is center — an equal earth which all men occupy as equals. The airman's earth, if free men make it, will be truly round: a globe in practice, not in theory.&lt;/p&gt;

&lt;p&gt;Science cuts two ways, of course; its products can be used for both good and evil. But there's no turning back from science. The early warnings about technological dangers also come from science.&lt;/p&gt;

&lt;p&gt;What was most significant about the lunar voyage was not that man set foot on the Moon but that they set eye on the earth.&lt;/p&gt;

&lt;p&gt;A Chinese tale tells of some men sent to harm a young girl who, upon seeing her beauty, become her protectors rather than her violators. That's how I felt seeing the Earth for the first time. I could not help but love and cherish her.&lt;/p&gt;

&lt;p&gt;For those who have seen the Earth from space, and for the hundreds and perhaps thousands more who will, the experience most certainly changes your perspective. The things that we share in our world are far more valuable than those which divide us.&lt;/p&gt;

&lt;h2 class=&quot;section-heading&quot;&gt;The Final Frontier&lt;/h2&gt;

&lt;p&gt;There can be no thought of finishing for ‘aiming for the stars.’ Both figuratively and literally, it is a task to occupy the generations. And no matter how much progress one makes, there is always the thrill of just beginning.&lt;/p&gt;

&lt;p&gt;There can be no thought of finishing for ‘aiming for the stars.’ Both figuratively and literally, it is a task to occupy the generations. And no matter how much progress one makes, there is always the thrill of just beginning.&lt;/p&gt;

&lt;blockquote class=&quot;blockquote&quot;&gt;The dreams of yesterday are the hopes of today and the reality of tomorrow. Science has not yet mastered prophecy. We predict too much for the next year and yet far too little for the next ten.&lt;/blockquote&gt;

&lt;p&gt;Spaceflights cannot be stopped. This is not the work of any one man or even a group of men. It is a historical process which mankind is carrying out in accordance with the natural laws of human development.&lt;/p&gt;

&lt;h2 class=&quot;section-heading&quot;&gt;Reaching for the Stars&lt;/h2&gt;

&lt;p&gt;As we got further and further away, it [the Earth] diminished in size. Finally it shrank to the size of a marble, the most beautiful you can imagine. That beautiful, warm, living object looked so fragile, so delicate, that if you touched it with a finger it would crumble and fall apart. Seeing this has to change a man.&lt;/p&gt;

&lt;img class=&quot;img-fluid&quot; src=&quot;https://source.unsplash.com/Mn9Fa_wQH-M/800x450&quot; alt=&quot;Demo Image&quot;&gt;
&lt;span class=&quot;caption text-muted&quot;&gt;To go places and do things that have never been done before – that’s what living is all about.&lt;/span&gt;

&lt;p&gt;Space, the final frontier. These are the voyages of the Starship Enterprise. Its five-year mission: to explore strange new worlds, to seek out new life and new civilizations, to boldly go where no man has gone before.&lt;/p&gt;

&lt;p&gt;As I stand out here in the wonders of the unknown at Hadley, I sort of realize there’s a fundamental truth to our nature, Man must explore, and this is exploration at its greatest.&lt;/p&gt;

&lt;p&gt;Placeholder text by &lt;a href=&quot;http://spaceipsum.com/&quot;&gt;Space Ipsum&lt;/a&gt;. Photographs by &lt;a href=&quot;https://unsplash.com/&quot;&gt;Unsplash&lt;/a&gt;.&lt;/p&gt;</content><author><name>eddumundia</name></author><summary type="html">Never in all their history have men been able truly to conceive of the world as one: a single sphere, a globe, having the qualities of a globe, a round earth in which all the directions eventually meet, in which there is no center because every point, or none, is center — an equal earth which all men occupy as equals. The airman's earth, if free men make it, will be truly round: a globe in practice, not in theory.</summary></entry><entry><title type="html">Dinosaurs are extinct today</title><link href="https://eddumundia.github.io/eddumundia//2020/01/27/dinosaurs.html" rel="alternate" type="text/html" title="Dinosaurs are extinct today" /><published>2020-01-27T06:45:13+03:00</published><updated>2020-01-27T06:45:13+03:00</updated><id>https://eddumundia.github.io/eddumundia//2020/01/27/dinosaurs</id><content type="html" xml:base="https://eddumundia.github.io/eddumundia//2020/01/27/dinosaurs.html">&lt;p&gt;Never in all their history have men been able truly to conceive of the world as one: a single sphere, a globe, having the qualities of a globe, a round earth in which all the directions eventually meet, in which there is no center because every point, or none, is center — an equal earth which all men occupy as equals. The airman's earth, if free men make it, will be truly round: a globe in practice, not in theory.&lt;/p&gt;

&lt;p&gt;Science cuts two ways, of course; its products can be used for both good and evil. But there's no turning back from science. The early warnings about technological dangers also come from science.&lt;/p&gt;

&lt;p&gt;What was most significant about the lunar voyage was not that man set foot on the Moon but that they set eye on the earth.&lt;/p&gt;

&lt;p&gt;A Chinese tale tells of some men sent to harm a young girl who, upon seeing her beauty, become her protectors rather than her violators. That's how I felt seeing the Earth for the first time. I could not help but love and cherish her.&lt;/p&gt;

&lt;p&gt;For those who have seen the Earth from space, and for the hundreds and perhaps thousands more who will, the experience most certainly changes your perspective. The things that we share in our world are far more valuable than those which divide us.&lt;/p&gt;

&lt;h2 class=&quot;section-heading&quot;&gt;The Final Frontier&lt;/h2&gt;

&lt;p&gt;There can be no thought of finishing for ‘aiming for the stars.’ Both figuratively and literally, it is a task to occupy the generations. And no matter how much progress one makes, there is always the thrill of just beginning.&lt;/p&gt;

&lt;p&gt;There can be no thought of finishing for ‘aiming for the stars.’ Both figuratively and literally, it is a task to occupy the generations. And no matter how much progress one makes, there is always the thrill of just beginning.&lt;/p&gt;

&lt;blockquote class=&quot;blockquote&quot;&gt;The dreams of yesterday are the hopes of today and the reality of tomorrow. Science has not yet mastered prophecy. We predict too much for the next year and yet far too little for the next ten.&lt;/blockquote&gt;

&lt;p&gt;Spaceflights cannot be stopped. This is not the work of any one man or even a group of men. It is a historical process which mankind is carrying out in accordance with the natural laws of human development.&lt;/p&gt;

&lt;h2 class=&quot;section-heading&quot;&gt;Reaching for the Stars&lt;/h2&gt;

&lt;p&gt;As we got further and further away, it [the Earth] diminished in size. Finally it shrank to the size of a marble, the most beautiful you can imagine. That beautiful, warm, living object looked so fragile, so delicate, that if you touched it with a finger it would crumble and fall apart. Seeing this has to change a man.&lt;/p&gt;

&lt;img class=&quot;img-fluid&quot; src=&quot;https://source.unsplash.com/Mn9Fa_wQH-M/800x450&quot; alt=&quot;Demo Image&quot;&gt;
&lt;span class=&quot;caption text-muted&quot;&gt;To go places and do things that have never been done before – that’s what living is all about.&lt;/span&gt;

&lt;p&gt;Space, the final frontier. These are the voyages of the Starship Enterprise. Its five-year mission: to explore strange new worlds, to seek out new life and new civilizations, to boldly go where no man has gone before.&lt;/p&gt;

&lt;p&gt;As I stand out here in the wonders of the unknown at Hadley, I sort of realize there’s a fundamental truth to our nature, Man must explore, and this is exploration at its greatest.&lt;/p&gt;

&lt;p&gt;Placeholder text by &lt;a href=&quot;http://spaceipsum.com/&quot;&gt;Space Ipsum&lt;/a&gt;. Photographs by &lt;a href=&quot;https://unsplash.com/&quot;&gt;Unsplash&lt;/a&gt;.&lt;/p&gt;</content><author><name>eddumundia</name></author><summary type="html">Never in all their history have men been able truly to conceive of the world as one: a single sphere, a globe, having the qualities of a globe, a round earth in which all the directions eventually meet, in which there is no center because every point, or none, is center — an equal earth which all men occupy as equals. The airman's earth, if free men make it, will be truly round: a globe in practice, not in theory.</summary></entry></feed>